<?xml version="1.0" encoding="UTF-8"?>
<metadata xml:lang="en"><Esri><CreaDate>20240812</CreaDate><CreaTime>22435000</CreaTime><ArcGISFormat>1.0</ArcGISFormat><ArcGISstyle>ISO 19139 Metadata Implementation Specification</ArcGISstyle><SyncOnce>FALSE</SyncOnce><DataProperties><lineage><Process ToolSource="c:\program files (x86)\arcgis\desktop10.8\ArcToolbox\Toolboxes\Data Management Tools.tbx\ConvertCoordinateNotation" Date="20240728" Time="174840">ConvertCoordinateNotation faskess-point C:\Users\rizka\Documents\ArcGIS\Default.gdb\faskesspoint_ConvertCoordina Name Name UTM_ZONES DDM_1 # "PROJCS['WGS_1984_UTM_Zone_49S',GEOGCS['GCS_WGS_1984',DATUM['D_WGS_1984',SPHEROID['WGS_1984',6378137.0,298.257223563]],PRIMEM['Greenwich',0.0],UNIT['Degree',0.0174532925199433]],PROJECTION['Transverse_Mercator'],PARAMETER['False_Easting',500000.0],PARAMETER['False_Northing',10000000.0],PARAMETER['Central_Meridian',111.0],PARAMETER['Scale_Factor',0.9996],PARAMETER['Latitude_Of_Origin',0.0],UNIT['Meter',1.0]];-5120900 1900 10000;-100000 10000;-100000 10000;0.001;0.001;0.001;IsHighPrecision" GEOGCS['GCS_WGS_1984',DATUM['D_WGS_1984',SPHEROID['WGS_1984',6378137.0,298.257223563]],PRIMEM['Greenwich',0.0],UNIT['Degree',0.0174532925199433]] INCLUDE_INVALID</Process><Process ToolSource="c:\program files (x86)\arcgis\desktop10.8\ArcToolbox\Toolboxes\Data Management Tools.tbx\Merge" Date="20240728" Time="174920">Merge faskesspoint_ConvertCoordina;faskessmgg\Points C:\Users\rizka\Documents\ArcGIS\Default.gdb\faskesspoint_ConvertCoordina1 "Name "Name" true true false 80 Text 0 0 ,First,#,faskesspoint_ConvertCoordina,Name,-1,-1,faskessmgg\Points,Name,-1,-1;DDMLatLon "DDMLatLon" true true false 255 Text 0 0 ,First,#,faskesspoint_ConvertCoordina,DDMLatLon,-1,-1;ORIG_OID "ORIG_OID" true true false 4 Long 0 0 ,First,#,faskesspoint_ConvertCoordina,ORIG_OID,-1,-1;FolderPath "FolderPath" true true false 320 Text 0 0 ,First,#,faskessmgg\Points,FolderPath,-1,-1;SymbolID "SymbolID" true true false 4 Long 0 0 ,First,#,faskessmgg\Points,SymbolID,-1,-1;AltMode "AltMode" true true false 2 Short 0 0 ,First,#,faskessmgg\Points,AltMode,-1,-1;Base "Base" true true false 8 Double 0 0 ,First,#,faskessmgg\Points,Base,-1,-1;Snippet "Snippet" true true false 268435455 Text 0 0 ,First,#,faskessmgg\Points,Snippet,-1,-1;PopupInfo "PopupInfo" true true false 268435455 Text 0 0 ,First,#,faskessmgg\Points,PopupInfo,-1,-1;HasLabel "HasLabel" true true false 2 Short 0 0 ,First,#,faskessmgg\Points,HasLabel,-1,-1;LabelID "LabelID" true true false 4 Long 0 0 ,First,#,faskessmgg\Points,LabelID,-1,-1"</Process><Process ToolSource="c:\program files (x86)\arcgis\desktop10.8\ArcToolbox\Toolboxes\Data Management Tools.tbx\CalculateField" Date="20240806" Time="080922">CalculateField faskeskabsmg FCODE "[FCODE] 'GI01060080'" VB #</Process><Process ToolSource="c:\program files (x86)\arcgis\desktop10.8\ArcToolbox\Toolboxes\Data Management Tools.tbx\Merge" Date="20240812" Time="224251">Merge klinikungaranbarat;klinikungarantimur;klinikbawen;psksmungaranbarat;pksmungarantimur;rsbawen;rsungaranbarat;rsungarantimur;apotek C:\Users\rizka\Documents\ArcGIS\Default.gdb\klinikungaranbarat_Merge1 "OBJECTID "OBJECTID" true true false 10 Long 0 10 ,First,#,klinikungaranbarat,OBJECTID,-1,-1,klinikungarantimur,OBJECTID,-1,-1,klinikbawen,OBJECTID,-1,-1,rsbawen,OBJECTID,-1,-1,rsungaranbarat,OBJECTID,-1,-1,rsungarantimur,OBJECTID,-1,-1;Name "Name" true true false 80 Text 0 0 ,First,#,klinikungaranbarat,Name,-1,-1,klinikungarantimur,Name,-1,-1,klinikbawen,Name,-1,-1,psksmungaranbarat,Name,-1,-1,pksmungarantimur,Name,-1,-1,rsbawen,Name,-1,-1,rsungaranbarat,Name,-1,-1,rsungarantimur,Name,-1,-1,apotek,Name,-1,-1;DDMLatLon "DDMLatLon" true true false 254 Text 0 0 ,First,#,klinikungaranbarat,DDMLatLon,-1,-1,klinikungarantimur,DDMLatLon,-1,-1,klinikbawen,DDMLatLon,-1,-1,rsbawen,DDMLatLon,-1,-1,rsungaranbarat,DDMLatLon,-1,-1,rsungarantimur,DDMLatLon,-1,-1;ORIG_OID "ORIG_OID" true true false 10 Long 0 10 ,First,#,klinikungaranbarat,ORIG_OID,-1,-1,klinikungarantimur,ORIG_OID,-1,-1,klinikbawen,ORIG_OID,-1,-1,rsbawen,ORIG_OID,-1,-1,rsungaranbarat,ORIG_OID,-1,-1,rsungarantimur,ORIG_OID,-1,-1;FolderPath "FolderPath" true true false 254 Text 0 0 ,First,#,klinikungaranbarat,FolderPath,-1,-1,klinikungarantimur,FolderPath,-1,-1,klinikbawen,FolderPath,-1,-1,rsbawen,FolderPath,-1,-1,rsungaranbarat,FolderPath,-1,-1,rsungarantimur,FolderPath,-1,-1;SymbolID "SymbolID" true true false 10 Long 0 10 ,First,#,klinikungaranbarat,SymbolID,-1,-1,klinikungarantimur,SymbolID,-1,-1,klinikbawen,SymbolID,-1,-1,rsbawen,SymbolID,-1,-1,rsungaranbarat,SymbolID,-1,-1,rsungarantimur,SymbolID,-1,-1;AltMode "AltMode" true true false 5 Long 0 5 ,First,#,klinikungaranbarat,AltMode,-1,-1,klinikungarantimur,AltMode,-1,-1,klinikbawen,AltMode,-1,-1,rsbawen,AltMode,-1,-1,rsungaranbarat,AltMode,-1,-1,rsungarantimur,AltMode,-1,-1;Base "Base" true true false 19 Double 0 0 ,First,#,klinikungaranbarat,Base,-1,-1,klinikungarantimur,Base,-1,-1,klinikbawen,Base,-1,-1,rsbawen,Base,-1,-1,rsungaranbarat,Base,-1,-1,rsungarantimur,Base,-1,-1;Snippet "Snippet" true true false 254 Text 0 0 ,First,#,klinikungaranbarat,Snippet,-1,-1,klinikungarantimur,Snippet,-1,-1,klinikbawen,Snippet,-1,-1,rsbawen,Snippet,-1,-1,rsungaranbarat,Snippet,-1,-1,rsungarantimur,Snippet,-1,-1;PopupInfo "PopupInfo" true true false 254 Text 0 0 ,First,#,klinikungaranbarat,PopupInfo,-1,-1,klinikungarantimur,PopupInfo,-1,-1,klinikbawen,PopupInfo,-1,-1,rsbawen,PopupInfo,-1,-1,rsungaranbarat,PopupInfo,-1,-1,rsungarantimur,PopupInfo,-1,-1;HasLabel "HasLabel" true true false 5 Long 0 5 ,First,#,klinikungaranbarat,HasLabel,-1,-1,klinikungarantimur,HasLabel,-1,-1,klinikbawen,HasLabel,-1,-1,rsbawen,HasLabel,-1,-1,rsungaranbarat,HasLabel,-1,-1,rsungarantimur,HasLabel,-1,-1;LabelID "LabelID" true true false 10 Long 0 10 ,First,#,klinikungaranbarat,LabelID,-1,-1,klinikungarantimur,LabelID,-1,-1,klinikbawen,LabelID,-1,-1,rsbawen,LabelID,-1,-1,rsungaranbarat,LabelID,-1,-1,rsungarantimur,LabelID,-1,-1;FCODE "FCODE" true true false 50 Text 0 0 ,First,#,klinikungaranbarat,FCODE,-1,-1,klinikungarantimur,FCODE,-1,-1,klinikbawen,FCODE,-1,-1,rsbawen,FCODE,-1,-1,rsungaranbarat,FCODE,-1,-1,rsungarantimur,FCODE,-1,-1;ALAMAT "ALAMAT" true true false 100 Text 0 0 ,First,#,klinikungaranbarat,ALAMAT,-1,-1,klinikungarantimur,ALAMAT,-1,-1,klinikbawen,ALAMAT,-1,-1,rsbawen,ALAMAT,-1,-1,rsungaranbarat,ALAMAT,-1,-1,rsungarantimur,ALAMAT,-1,-1;HOSRUD "HOSRUD" true true false 50 Text 0 0 ,First,#,klinikungaranbarat,HOSRUD,-1,-1,klinikungarantimur,HOSRUD,-1,-1,klinikbawen,HOSRUD,-1,-1,rsbawen,HOSRUD,-1,-1,rsungaranbarat,HOSRUD,-1,-1,rsungarantimur,HOSRUD,-1,-1;JMLDOK "JMLDOK" true true false 50 Text 0 0 ,First,#,klinikungaranbarat,JMLDOK,-1,-1,klinikungarantimur,JMLDOK,-1,-1,klinikbawen,JMLDOK,-1,-1,rsbawen,JMLDOK,-1,-1,rsungaranbarat,JMLDOK,-1,-1,rsungarantimur,JMLDOK,-1,-1;JPLYRS "JPLYRS" true true false 10 Text 0 0 ,First,#,rsbawen,JPLYRS,-1,-1,rsungaranbarat,JPLYRS,-1,-1,rsungarantimur,JPLYRS,-1,-1;TIPRST "TIPRST" true true false 10 Text 0 0 ,First,#,rsbawen,TIPRST,-1,-1,rsungaranbarat,TIPRST,-1,-1,rsungarantimur,TIPRST,-1,-1"</Process></lineage><itemProps><itemName Sync="TRUE">klinikungaranbarat_Merge1</itemName><imsContentType Sync="TRUE">002</imsContentType><itemLocation><linkage Sync="TRUE">file://\\LAPTOP-AL6RMLKL\C$\Users\rizka\Documents\ArcGIS\Default.gdb</linkage><protocol Sync="TRUE">Local Area Network</protocol></itemLocation></itemProps><coordRef><type Sync="TRUE">Projected</type><geogcsn Sync="TRUE">GCS_WGS_1984</geogcsn><csUnits Sync="TRUE">Linear Unit: Meter (1.000000)</csUnits><projcsn Sync="TRUE">WGS_1984_UTM_Zone_49S</projcsn><peXml Sync="TRUE">&lt;ProjectedCoordinateSystem xsi:type='typens:ProjectedCoordinateSystem' xmlns:xsi='http://www.w3.org/2001/XMLSchema-instance' xmlns:xs='http://www.w3.org/2001/XMLSchema' xmlns:typens='http://www.esri.com/schemas/ArcGIS/10.7'&gt;&lt;WKT&gt;PROJCS[&amp;quot;WGS_1984_UTM_Zone_49S&amp;quot;,GEOGCS[&amp;quot;GCS_WGS_1984&amp;quot;,DATUM[&amp;quot;D_WGS_1984&amp;quot;,SPHEROID[&amp;quot;WGS_1984&amp;quot;,6378137.0,298.257223563]],PRIMEM[&amp;quot;Greenwich&amp;quot;,0.0],UNIT[&amp;quot;Degree&amp;quot;,0.0174532925199433]],PROJECTION[&amp;quot;Transverse_Mercator&amp;quot;],PARAMETER[&amp;quot;False_Easting&amp;quot;,500000.0],PARAMETER[&amp;quot;False_Northing&amp;quot;,10000000.0],PARAMETER[&amp;quot;Central_Meridian&amp;quot;,111.0],PARAMETER[&amp;quot;Scale_Factor&amp;quot;,0.9996],PARAMETER[&amp;quot;Latitude_Of_Origin&amp;quot;,0.0],UNIT[&amp;quot;Meter&amp;quot;,1.0],AUTHORITY[&amp;quot;EPSG&amp;quot;,32749]]&lt;/WKT&gt;&lt;XOrigin&gt;-5120900&lt;/XOrigin&gt;&lt;YOrigin&gt;1900&lt;/YOrigin&gt;&lt;XYScale&gt;10000&lt;/XYScale&gt;&lt;ZOrigin&gt;-100000&lt;/ZOrigin&gt;&lt;ZScale&gt;10000&lt;/ZScale&gt;&lt;MOrigin&gt;-100000&lt;/MOrigin&gt;&lt;MScale&gt;10000&lt;/MScale&gt;&lt;XYTolerance&gt;0.001&lt;/XYTolerance&gt;&lt;ZTolerance&gt;0.001&lt;/ZTolerance&gt;&lt;MTolerance&gt;0.001&lt;/MTolerance&gt;&lt;HighPrecision&gt;true&lt;/HighPrecision&gt;&lt;WKID&gt;32749&lt;/WKID&gt;&lt;LatestWKID&gt;32749&lt;/LatestWKID&gt;&lt;/ProjectedCoordinateSystem&gt;</peXml></coordRef></DataProperties><SyncDate>20240812</SyncDate><SyncTime>22424800</SyncTime><ModDate>20240812</ModDate><ModTime>22424800</ModTime></Esri><dataIdInfo><envirDesc Sync="TRUE"> Version 6.2 (Build 9200) ; Esri ArcGIS 10.8.0.12790</envirDesc><dataLang><languageCode value="eng" Sync="TRUE"></languageCode><countryCode value="USA" Sync="TRUE"></countryCode></dataLang><idCitation><resTitle Sync="TRUE">klinikungaranbarat_Merge1</resTitle><presForm><PresFormCd value="005" Sync="TRUE"></PresFormCd></presForm></idCitation><spatRpType><SpatRepTypCd value="001" Sync="TRUE"></SpatRepTypCd></spatRpType></dataIdInfo><mdLang><languageCode value="eng" Sync="TRUE"></languageCode><countryCode value="USA" Sync="TRUE"></countryCode></mdLang><distInfo><distFormat><formatName Sync="TRUE">File Geodatabase Feature Class</formatName></distFormat></distInfo><mdHrLv><ScopeCd value="005" Sync="TRUE"></ScopeCd></mdHrLv><mdHrLvName Sync="TRUE">dataset</mdHrLvName><refSysInfo><RefSystem><refSysID><identCode code="32749" Sync="TRUE"></identCode><idCodeSpace Sync="TRUE">EPSG</idCodeSpace><idVersion Sync="TRUE">6.11.1(3.0.1)</idVersion></refSysID></RefSystem></refSysInfo><spatRepInfo><VectSpatRep><geometObjs Name="klinikungaranbarat_Merge1"><geoObjTyp><GeoObjTypCd value="004" Sync="TRUE"></GeoObjTypCd></geoObjTyp><geoObjCnt Sync="TRUE">0</geoObjCnt></geometObjs><topLvl><TopoLevCd value="001" Sync="TRUE"></TopoLevCd></topLvl></VectSpatRep></spatRepInfo><spdoinfo><ptvctinf><esriterm Name="klinikungaranbarat_Merge1"><efeatyp Sync="TRUE">Simple</efeatyp><efeageom code="1" Sync="TRUE"></efeageom><esritopo Sync="TRUE">FALSE</esritopo><efeacnt Sync="TRUE">0</efeacnt><spindex Sync="TRUE">TRUE</spindex><linrefer Sync="TRUE">TRUE</linrefer></esriterm></ptvctinf></spdoinfo><eainfo><detailed Name="klinikungaranbarat_Merge1"><enttyp><enttypl Sync="TRUE">klinikungaranbarat_Merge1</enttypl><enttypt Sync="TRUE">Feature Class</enttypt><enttypc Sync="TRUE">0</enttypc></enttyp><attr><attrlabl Sync="TRUE">OBJECTID_1</attrlabl><attalias Sync="TRUE">OBJECTID_1</attalias><attrtype Sync="TRUE">OID</attrtype><attwidth Sync="TRUE">4</attwidth><atprecis Sync="TRUE">0</atprecis><attscale Sync="TRUE">0</attscale><attrdef Sync="TRUE">Internal feature number.</attrdef><attrdefs Sync="TRUE">Esri</attrdefs><attrdomv><udom Sync="TRUE">Sequential unique whole numbers that are automatically generated.</udom></attrdomv></attr><attr><attrlabl Sync="TRUE">OBJECTID</attrlabl><attalias Sync="TRUE">OBJECTID</attalias><attrtype Sync="TRUE">Integer</attrtype><attwidth Sync="TRUE">4</attwidth><atprecis Sync="TRUE">0</atprecis><attscale Sync="TRUE">0</attscale><attrdef Sync="TRUE">Internal feature number.</attrdef><attrdefs Sync="TRUE">Esri</attrdefs><attrdomv><udom Sync="TRUE">Sequential unique whole numbers that are automatically generated.</udom></attrdomv></attr><attr><attrlabl Sync="TRUE">Shape</attrlabl><attalias Sync="TRUE">Shape</attalias><attrtype Sync="TRUE">Geometry</attrtype><attwidth Sync="TRUE">0</attwidth><atprecis Sync="TRUE">0</atprecis><attscale Sync="TRUE">0</attscale><attrdef Sync="TRUE">Feature geometry.</attrdef><attrdefs Sync="TRUE">Esri</attrdefs><attrdomv><udom Sync="TRUE">Coordinates defining the features.</udom></attrdomv></attr><attr><attrlabl Sync="TRUE">Name</attrlabl><attalias Sync="TRUE">Name</attalias><attrtype Sync="TRUE">String</attrtype><attwidth Sync="TRUE">80</attwidth><atprecis Sync="TRUE">0</atprecis><attscale Sync="TRUE">0</attscale></attr><attr><attrlabl Sync="TRUE">DDMLatLon</attrlabl><attalias Sync="TRUE">DDMLatLon</attalias><attrtype Sync="TRUE">String</attrtype><attwidth Sync="TRUE">254</attwidth><atprecis Sync="TRUE">0</atprecis><attscale Sync="TRUE">0</attscale></attr><attr><attrlabl Sync="TRUE">ORIG_OID</attrlabl><attalias Sync="TRUE">ORIG_OID</attalias><attrtype Sync="TRUE">Integer</attrtype><attwidth Sync="TRUE">4</attwidth><atprecis Sync="TRUE">0</atprecis><attscale Sync="TRUE">0</attscale></attr><attr><attrlabl Sync="TRUE">FolderPath</attrlabl><attalias Sync="TRUE">FolderPath</attalias><attrtype Sync="TRUE">String</attrtype><attwidth Sync="TRUE">254</attwidth><atprecis Sync="TRUE">0</atprecis><attscale Sync="TRUE">0</attscale></attr><attr><attrlabl Sync="TRUE">SymbolID</attrlabl><attalias Sync="TRUE">SymbolID</attalias><attrtype Sync="TRUE">Integer</attrtype><attwidth Sync="TRUE">4</attwidth><atprecis Sync="TRUE">0</atprecis><attscale Sync="TRUE">0</attscale></attr><attr><attrlabl Sync="TRUE">AltMode</attrlabl><attalias Sync="TRUE">AltMode</attalias><attrtype Sync="TRUE">Integer</attrtype><attwidth Sync="TRUE">4</attwidth><atprecis Sync="TRUE">0</atprecis><attscale Sync="TRUE">0</attscale></attr><attr><attrlabl Sync="TRUE">Base</attrlabl><attalias Sync="TRUE">Base</attalias><attrtype Sync="TRUE">Double</attrtype><attwidth Sync="TRUE">8</attwidth><atprecis Sync="TRUE">0</atprecis><attscale Sync="TRUE">0</attscale></attr><attr><attrlabl Sync="TRUE">Snippet</attrlabl><attalias Sync="TRUE">Snippet</attalias><attrtype Sync="TRUE">String</attrtype><attwidth Sync="TRUE">254</attwidth><atprecis Sync="TRUE">0</atprecis><attscale Sync="TRUE">0</attscale></attr><attr><attrlabl Sync="TRUE">PopupInfo</attrlabl><attalias Sync="TRUE">PopupInfo</attalias><attrtype Sync="TRUE">String</attrtype><attwidth Sync="TRUE">254</attwidth><atprecis Sync="TRUE">0</atprecis><attscale Sync="TRUE">0</attscale></attr><attr><attrlabl Sync="TRUE">HasLabel</attrlabl><attalias Sync="TRUE">HasLabel</attalias><attrtype Sync="TRUE">Integer</attrtype><attwidth Sync="TRUE">4</attwidth><atprecis Sync="TRUE">0</atprecis><attscale Sync="TRUE">0</attscale></attr><attr><attrlabl Sync="TRUE">LabelID</attrlabl><attalias Sync="TRUE">LabelID</attalias><attrtype Sync="TRUE">Integer</attrtype><attwidth Sync="TRUE">4</attwidth><atprecis Sync="TRUE">0</atprecis><attscale Sync="TRUE">0</attscale></attr><attr><attrlabl Sync="TRUE">FCODE</attrlabl><attalias Sync="TRUE">FCODE</attalias><attrtype Sync="TRUE">String</attrtype><attwidth Sync="TRUE">50</attwidth><atprecis Sync="TRUE">0</atprecis><attscale Sync="TRUE">0</attscale></attr><attr><attrlabl Sync="TRUE">ALAMAT</attrlabl><attalias Sync="TRUE">ALAMAT</attalias><attrtype Sync="TRUE">String</attrtype><attwidth Sync="TRUE">100</attwidth><atprecis Sync="TRUE">0</atprecis><attscale Sync="TRUE">0</attscale></attr><attr><attrlabl Sync="TRUE">HOSRUD</attrlabl><attalias Sync="TRUE">HOSRUD</attalias><attrtype Sync="TRUE">String</attrtype><attwidth Sync="TRUE">50</attwidth><atprecis Sync="TRUE">0</atprecis><attscale Sync="TRUE">0</attscale></attr><attr><attrlabl Sync="TRUE">JMLDOK</attrlabl><attalias Sync="TRUE">JMLDOK</attalias><attrtype Sync="TRUE">String</attrtype><attwidth Sync="TRUE">50</attwidth><atprecis Sync="TRUE">0</atprecis><attscale Sync="TRUE">0</attscale></attr><attr><attrlabl Sync="TRUE">JPLYRS</attrlabl><attalias Sync="TRUE">JPLYRS</attalias><attrtype Sync="TRUE">String</attrtype><attwidth Sync="TRUE">10</attwidth><atprecis Sync="TRUE">0</atprecis><attscale Sync="TRUE">0</attscale></attr><attr><attrlabl Sync="TRUE">TIPRST</attrlabl><attalias Sync="TRUE">TIPRST</attalias><attrtype Sync="TRUE">String</attrtype><attwidth Sync="TRUE">10</attwidth><atprecis Sync="TRUE">0</atprecis><attscale Sync="TRUE">0</attscale></attr></detailed></eainfo><mdDateSt Sync="TRUE">20240812</mdDateSt></metadata>
